hamid3360,809
alibaba1992,4418
pendora.,3544
GEEKiSM,225
congacon1,137
pendora1,325
Kyth,57
suzanb,146
MegamanX29,213
zaqs,80
mzainal,55
HD3D,4928394
mcmoore,7589
zaved,6219
MR.Blue Ray,1681
Xperiment,114
KZEE,269
nerov0lt,173
aleksandar122,347
xxxtreme_warez,39
ar$enaly,11655
stphz,386
kolusberti,70
azcb,50950
frank_hardy_1,2536
mukeshkumarjat,257
macbid,217
0dayreleases,4180
goliatroper,1360
Danny432,56
***Sarabjit1991***,1211
sun00922,6623
gryffinhot,77
torrfriend,7879
perrenial1,848
rowjas,1668
tahirirfan,54
trex9810,2325
zecika,124
axman63,81
VLT,215
.g89,618
aigl,184
JWEE_,175
silver_coyote777,940
VooDoo,34
TheNewGuy,258
rabbaoss_khan,131
hafiezz,47
bridget714,341
Utakata,482
geeklovenerds,35851
ksmafia,48
raiyyan,2670
kudoz,1777
bola 2000,1097
Fu-do,86
drk,94
valdoo,260
yhunykx1986,2159
Gu3$t,17105
nk2,1765
Super-avoua,843
lfc69,151
rwdfox,100509
sumant1nov,902
Masimo,97224
the_head,73
xfiles5,494
SABERWOLF,155
strike,48
shinto_cute,837
sbil,71
alinice321,445
GubrakZ,1224
all4link,1061
Mioni,5251
Shaktimage,1265
suffocater,226
White Flag,51761
:.irfankasuri.:,317
titou25,67
LGatakan,185
omid4041,30
.:Jamie:.,606
Don Kupinic,71
mo,1432
4T7,848
KingOnSlaught,1165
LMK,4936
.vaLk.,4048
Buccaneer,360
genieous12,4714
chans1212,314
junaidaslam123,600
FaBoy,3033
bigkajamma,1457
nScorp,37600
mssinclear,4125
Machar,158
AnnArbor,60850
vijukarr,302
MiLLi0n,1157
kpo_41,1012
Jalandr,6751
M.A.Abbas,311
viturdim,154
wiggle99,299
FXZ,211
almanerviosa,191
Koenigsegg,743
Dragme,2104
Brooks_Wilder,45
Xl Horror Xl,55
w2a,56
madushanka92,145
horen,91
jasonangel,8705
YungPak718,97
vidareal,98
nino191d,67
76884,114
aziztaher_ali,64955
iShagg,50
hatem20,89
mobile_guru,249
tkutta56,469
camillesexy66,3549
LoveHit,1095
thalemding456,392
SeeingMole,2632
butay056,169
heart_tracker,58
Nono Ono,25
LordKJ,131
blazejrybnik89,17
N@UgHtY.,12066
Ralf1022,2095
Shaki NR 1,40
VsEriEs,42979
hotheton,361
The_BlacK_MOON,22320
refat13,403
LxPower,207
irani1,493
skylarkavenger,1709
pavuky,3413
shreyash511,112
jagsbond,440
fethuoclak123,1301
filebb,26554
Inpesctor-Gadge,1015
manu4u4ever,1170
.: F A S T E R :.,21887
Madball74,7572
AcC3Ss,217
MASK ^_^ MAN,59
3DStuff,43335
ErrorL0g,431
SHULiBAN,5867974
.Hancock,1892
DDLForce,2505
Uub,107
apiton,504
sharryhundal,96
.hc,1184
Darmycom,298
arielcairo2,45
umardon,372
nakamychy,361258
Poison1vy,4197
umut,35643
BoucherFMV,96
Drakenhoffer90,440
isolt,417
Marderus,219
sprig,8241
noor7us,2955
on2track2,68
carlos.abr,43
sabeesa,151
hudna6,131
tokenman,4757
cekicen,80
CyberBB1,10477
alde69,69
Forcefire_2009,79
nofearfcp,10000
Unlimite,527
Filmko,48
moaeadC,140
Greenlitsky,270
noam_7,870
sabastian130,617
Soniq,544
woodin11,6109
Stevepax,44
K_WORLD01,1507
cheefwaqas,75
tom_riddle,714
xGreatx,32997
makeman,421
BBspider,12669
zizitenk,354
goliath421,291
marios22,371
Shnaks,75
dejawuu,683
Leviatã,30
HotGirls,3485
ratpack,848
azhurecore,879
lacho15,252
marcos32,792
.::Devil::.,343
aqeelz,2084
TSW,497
DJ-DamianJade,109
K0nK0nK4n,3035
FreeDoom,63
jackiechanmnm,66
Divesh94,1452
jackdaripper,1475
sajid4u4,340
Epichomie,65622
punkyspunky,856
google35,2525
nenadx,4442
Caddilac,103
champidobai,3678
iftikhar206,878
..Night..,146
lord vicious,77
rockyjohny,5765
.1Link,173
michaelfree,399
greenleaf123,251
PrestinG,98
rhinoboy,35
[I am AWESOME],501
ClosetMonkey,88
moonkh,179
yuzuak_holding,359
sweetpaki,5007
afandiadib,134
LukeFabre,341
cleandryair,307
Rzvi,437
GerianG,902
mandeep145,30
KimberlysEyes,43
H U G G I E Z#,92
neoftp01,69
stanza,183
goodaperson34,32
francofrantic,137314
ogimima,102
ar3_returns,530
Mr.MindfReak,41
full_120,47
Donnie Yen,81
mhbeaver,88
Konacno Bre,993
micro.MKV,2271
narciXD,57
Isfou77,99
ikosa,518
univerzalac,10346
tayaxiig,465
spayder,409
lukas1794,75
rsheria,565
c'mon,117
Prinks1,4594
V2CPT,868
Cyberfriiq,58
Telly4yEo,180
rainy19,64
HPHD.,6071
uinneit,13857
klati2,920
Zoks :D,2561
maddy1412,42
Sartre,19709
Solitary1909,1074
BW-BP,760
m0min5_,8112
M_F_T,10042
devilsnare,134
@zero,306
Jcb526,41
JonPinto,240
payymon,50
yelv�k,45
garmi4556,2775
kenongxs,42
Sudosu,17
lemonzoo,676
aliarham37,37
AlexXxuTzZu,2690
5tuntun,359
sturdycracker,63
arka123,1091
avro.bd,27579
irproud,2936
StonyHeart,1769
baRd9,337
HPHD,50061
ertrush,2769
kennyjam17,104419
M3DIAFIR3LAB,511
Flypers,179769
inbrightestday,22
2421,306
stefanlecko11,32
zodyak2,165
| BETA |,23225
chesrez,53
ironman55,96507
Arash88,172
delboy221986,1373
Abdhw,71
raime1978,602
DLFX,175
d'Alembert,398
OverMask,1176
EnzoLouis,133
Ethos,107
modyeltohamy484,1162
catman919,1814
tarawinder,2285
edump,78634
vvikkass,554
kalpak2021,10275
amrod69,63
Drmerfull,212
RobertoWarez,211
sveznadar_7777,192
mster8,1170
ironmankho,30
Spyt,74
GhOsT^,1114
voyager1908,206
Mamba25,173
bartmal,49222
HiLo!,210
blueshadow2911,515
Todd23,54
shrizwan,837
princedm,1068
dubzx,3112
Rocky9,124
tempacc001,353
man-l,4410
se7en77,3121
Carm@gedon,139
robinchwan,1161
jonesp123,42
Czekanista,79
torrenter,196
derpderpington,301
swimdude,170
stefano09051988,2871
iAmMaximus,67359
lolitosfb,38
Boss,434
dansmamma,33
ftcc,232
c0red.rip,99098
pierwszy,93
WarezHouse,251
keith1569,214
strikan,4201
rapidols,87
.Scouse,38
misanphan,386
Jet-Li,148559
F37,392
popopio,373
d3m0n0,1775
wahirua,48
tanner6565,66
Niko319,1949
Wirellell,26902
midgo,805
lepunk,117
sandha,1617
indium,339
Lorenco.,1141
volkanix,2003
siotla,20
RELEASE:GOD,10784
ahly2010,1802
lcee,899
kingpong,2435
maxellpraveen,1332
ev33,6373
qwertzOr,1200
kris20,2703
movee08,67618
wyatt1967,57
enterprise1,5949
dgnrulz,49
Junaid92530,610
KinG_RippeR,35549
bleackened,131
P-World,137
nevaeh,5451
kevinbfc,71
waleed123,893
mediabucks,224
dahwarez,657
zia019,492
Mr.PM,246869
totulmoka,178
paulman,2925
rajuchacha,590
dadden66,3404
tanematic,228
tanxihao,166
LancelotX,521
colourcool,431
lingaringa,6204
clianers,35
Obamm4,1317
knolan_gluth,822
jack88will,806
dlportal,80
ramboromeo1234,581
bradleyULDer,1027
cinephile1,477
Kingfan,84
Bergeron,1338
newbramj,43
|HITMAN|,78388
wbuphet,79916
stanoye,118
shiba123123123,16
bek4ever7,639
pooyan2012(2),601
FUTURiTY,10986
hus01,85
clavier2008,69
fishmark285,1975
synstar,8112
bharg123,309
PeeWee005,4561
kaminas,279
gfxfree,6716
pagolni,1506
Dichzla,320
Kreas96,283
leelsylsiae,147
s@ntana,2766
gyrospaz,17937
m1cr01,368
supernoodles,2891
thebillie,1546
kapil_ajmera,436
AcidBurn87,47601
lsbham,282
ki3456,2033
esrom02,264
Corpse_Grindersson,102
Anonymut,97
shman.shman,9270
boyriot,22570
pannaSD,726
GhostBe,825
bigartie,393
Schizophrenic_x,93
games_hunts,396
ntom,406
bunina,348
ATTIADONA,11404
.:TorrentZ:.,83
jpeps,1764
swsw122,475
ELJOPIO,301
neophitesup,337
Thunderfly,124
Megashares.,259
tomislav2634,360
SeXile,60299
Mr.Traveler,9308
Tsunam1337,110
nKim,138
lyf_me,9723
lupinsgirl,15492
JAKS99,380
lookingcoo_l,1009
An54,74
XiRT4M,83
Bad Seed,38656
- R O C K E R -,146932
H3112pay,195
-XVII-,2652
white_snake,403
qwerzz,602
suadnovic,742
vncpatrix,312
mauricio2050,88
|HDmania|,181
marson,228
SaliPDG,112
udsrec,45805
92michal92,489
soyotoyapex,46524
ksysiu18,3380
dudrif,35757
damirex,2736
maligrizebeton,606
Jinx89,933
Amelijaaa,1721
r3order,754
wakefield,13305
promdi,763
vojin123,104098
MyMovies19,44
public_html,52122
nvzgroup,109
Baltyshark87,417
moviematic,23
Scarz123456789,95
sathish138,21634
Kimosabe,179
sojao,33
bangungot,5396
Fantasy_artist,6688
vfxden999,1990
sknandy11,43
sheikhchilli,81
VojtaCZ,55
sbwrz,2322
Darker81,655
Chikinhri,210
Mel_Luvz_Anime,218
Yeassir,259
flwlessfrombirth,2091
sam16roy,24
lpass,711
4ways,32472
:USM:,425
Naughtydevilz,65
jkflash1964,177
ugrpau,600
LeviathanW,113
pipstanford,134
Help.Me,202
reune,229
amelf,7710
unclejaksan,68
chicony,4230
MokhtarBenAyed,31
TroicI,2886
dudugames07,5003
bigporn,27
javadth,371
quadrixx,1286
legba74,313
~I am AWESOME~,220
kailester,29
GhosT1212,61
Ladli.Muni,181
llHoov,332
sakb,117
.:Djlatino:.,767
dantedevil99,79
ellen_dj123,167
Vamp!re,1580
ricchaard,384
wolf1912,3072
vpather,629
bobbysingh,883
EpicW,110
xzxaxrx,484
Leq®,98
tejas.rollin,709
HARRONASGAR,286
smileba,292
stallone2008,31
Unknown13,53
freecbc3,397
gustav007,287
enterkhan,65
iloveferb,28560
out.look1,90
kingman_90,121
WILLETT13,456
ravij08,1017
Drhank,234
Postarbhai,1105
garykewl,84
smrki,6807
aeckz,266722
quain88,5964
Dodgy77,1452
NA01,227
alisean87,58
nima_sin,166
Viper3773,137
WaReZ_ZuP,12599
qwer200510,73
Daangi,750
_Dorukhan_,159
james5454,999
Stephan1,104550
fullbaster,558
tv-release,181
belwin,171
^^GoRiLLaZ^^,1399
.::DJ::.,3725
atay,358
|love_hacker|,6323
tuanq82,134050
emeien_13,614
molchun,18855
metehan777,93
qualanelt,1654
devilmaycry013,356
zbaq,197435
hs97,214
dkingalon,368
axells,259
velocidade,180
BuYcKi,492
northampton,1531
nzindiboy,902
todayfile,191
berreta22,151
stevieboy191,53467
The_Movie_Man1,76
gonaPai,297
dontspeak,1370
ronaldo2041990,115
maxiimum,45
Uzair Umer,1318
__julian,6389
ID4L,361
OzzYQD,77
downzwarez,372
NFS2000,167
gorilaz,922
chuckyp99,1330
Share_4all,1718
Seraf,24036
nana1200,387
loopinmind,3622
wliia4,9034
dukeblue,76
Smarti11,76
_zer0_,874
sajidbaba,40
A.H.T.,69
markolopolos1,212
anubora,13569
Zizitopas,1989
iase,65
w.deadloads,287
aswere83,1252
neghina,103
Intensity,83
voltirbisop,18193
zm4u,1524
eurofighter19,1844
GOURMET,84
sexisash,841
frank_jonath,159
MKU.Deathstroke,158
hackwar,3767
Ragh7,1032
niedzielan360,309
Ebooks-Don,814
Dcfan23,418
silent_wind,50
UnrAreA,31281
SeverNaya,106
humble3d,58
RemoEVA01,69
krazeek,724
wareztestbd,600
ZUBiK,122968
n00bf0rc3,660
Madness.hunt,5126
Marusha,121796
Badriprasad,7867
||BaDshaH||,7442
thesmx,57
Slapdragonx,100
ddagain,5647
BNA84,161
Haplo12345,2623
heliosmas,87
nwrz,375
ricotero29,121
Rmz Psy,1711
khawajafarid,3069
D3M0N69,53
XDeadmau5X,3148
UNiCON,38460
mediarls,47
.::MiRChI::.,8236
unclef3st3r666,224
#NAME?,4726
deviljinonline,317
Quicker,304
Casual69,171
Charles.01,1031
samanth,422
lolort,301
DaZeffa2010,1442
Oyunfrm,436
SiMmER.,716
wondezt,197
TROMA,288
huapingzhou,68
kamal124,795
CrematorMan,470
oscillator666,2816
.DOCX,66
atdeskcz2,107
psphunt,1566
billabongct,59
BebeeBoo,264
sconeindy,30
ShAaNiG,3449698
kuss,55
pi0tr3k,3114
kopacke,105
Bo Rock,363
Red Premium,1929
WrzTeam,453
c1nn@m0n,4294
alecssharpe,547
DJVideofan,135
hemuski,104
sridarshan23,1722
PRADEEP77,197
eflatley00,73
apeka,34
Snikerzz,998
3tonyviet3,167
JsGroup,38
saeed1122,450
|1.Link|,1111
sjk.sam,1219
zixziko,544
darknessofworld,21474
key3film,1163
afsos78,353
milansd88,131
clight77,172
quintas,3923
KarLi,103
RyoRen,618
bik123,199
MareP.F.C.,196
kenreaves,22715
ether88,1493
Nefar,16
Master-Uploader,1197
ddogdan,138
sundarmobiles,69211
Juniahh,1724
Reen.,383
Oryad,1580
moonsmile2009,121
kamzaf,232
popyflower,338
Annookk,160
.:MOdY:.,342
turbol,155
lprodrigues,175
dave811,62
ianto12,104
DuG.,2223
harmony83,6705
3,47
Achajr,217
eyeofodin,165
nero1989,420
darkside09,473
wbb_fan_1,84
rogue109,33
Ahmed Sadman,50
denata,70
SUPERSPEEDS,2934
-JOE-,2223
DuG`,259
leelsylsiae08,66
Duke Ardelis,154
pawli,144
moujabz,7865
Transgamingz WineX,69
mank,320
tojik345,52
Guest,436
mkb4228,702
nitrocrash,227
.:Tex.Mex:.,675
CoffeeFile,41
Plava992,1959
tbth_audio,7062
hhhgame,78168
idan_h,81
MyCuTiPaI,178
rawillkill,869
3XElitE,11062
filwrz,76
nedjog5,5586
moh3en,234
thedavid,45
s.saha420,172
MARBOT2012,131
#NO1#,4133
gloda,683
asifkam1,12932
desiguru,950
fenomen28,800
FreenaT2,285
ex-Code,515
satandemon,544
chrisrambo11507,11088
maybank2u,320
LKROCKS,8247
lovely1629,1470
muhammadwaseem,38
jbird,8188
pepsi86,229
WALL-E.,221
Kabanos85,457
kvikinko,3182
hend1983,11
HEAVEN13TH,874
chrisjen24,90
pascalll,556
universematrix,166
DiVXFACTORY,39
MetalUrge,85
The Kung,365
thedossetup,954
dunkman,291
DaaD,6559
Lawlessnq,889
DAttus2,48
alin18,49
fatahillah,143
ripper_polop,800
pparadiso,1970
falcon87,115
ridgere,59593
dinomerino,6803
biti0,319
Xhizers,1316
Remejeus,66
.:G A M E R:.,133
xrockonx,45
HDblockbuster,988
CP1832,250
anja_de,79
E V E R Y O N E,2320
saatcham,78
readart013,1079
Saving Abel,17
IAmMerciless,1652
crazednuttyboy,105
ugabugapyly,175
Jimmy_smart83,1010
klasseter,75
kurtzie,840
Zuper-Man,101
kit777,17463
<sweeti>,1405
lunaekCAPULA,5625
mirrorseeder,81
johnsm2,57458
bullrot492,92
Aurih,15829
drhamaka,86
RIZWAN WAHLA,3226
Ironman718,778
baby.sa,308
joeboricua,26
Obrien4,24898
Andeko,1200
.: RnR :.,294
p33no,4335
Meera169,6022
t3odor,27
xaxx,461
murdpower,50
bad_student,363
animekicker,12548
Dr Globil,1058
NAVEENTHRICHY,84
neeraj907877,462
Namoadi,826
atik0786,212
warezfreak03,217
toxic_labs,92
Ludin,292
SheldoR xD,103
cr0x213,279
O-R-T-O-N,74
irfanafhan,1119
tenzin.,3492
Downloader123,1107
inpryce,87
badgirl99,2180
dumont,477705
B3hr0z,793
Casper_2641,3707
XXX22,296
Arth101,1405
haqwarez,597
phantom_ass,469
share4u11,380703
arnoldas852,37
ArminVBA,580
kmal123,547
dum@n,8506
lionshelter,18355
MrOhary,856
dewdy2k,83
zvonenie33,324
bymicro,300
keepnpeace,1741
PrivyHacker,8996
nemesis07,180
Latestdownload7,662
Z4rroc,35407
xwmario,9719
Mahaj,2309
alih110,4284
upslash,830
Mi-an,83
metallica1992,148
thor84,38820
ngangas,813
tranquilito,8846
1-LINK,683
-RoCkStAR-,23
Maron Down,42
crazyGamer44,197
XsX,35
destroyakanico,874
mamun_1991,116
coadN,806
hhalem,371
yousif14,197
sunmenghao,71919
DMasti,36673
XeLeRoN,149
zlatkiller,105
.BoB.,3366
naked_soul,1020266
adnan099,85
pinkpari,497
lilysopa,1969
selambe,9961
Mrrrr,51
@qqk@,1631
damkal,194
urpapa,199
zei_na,23
hardcoder,580
netforsp,87
firaki12345,1017
ranaking932,196
S J A,525
callz,68
clark1963,142
*NidaA1*,396
seriesnetload,2087
PinoyW,120
NormanCruz,554
:i Am passiOn:,32
Crayzies,351
Wing44,250
dvdgame01,1797
N4ughty,8641
tun12,419
vahidwasp,1883
timbalance,116
readart003,24
::Jeebus::,106
tugakiller2,130
foomanchu,712
Latest.R,8060
duhalala,142
MissyL,190
ResumeLinks,4112
Tanpanama7,2332
peki90,790
indubitable,1298
coolscorpiorohan,2961
monkUsa,302
sinnamonwolf,3355
muzzz007,82
rsapple,266
ulpo,5346
Goodrifle,1904
.aSn.,2759345
furqandvm,1399
kwazar1981,393
t2,374
christiandeflores,63
daviedee,117
KinGRippeR,2691
james818181,58
ASWNN666,1005
Ganryu114455,214
highstar,95
TehOracle.,476
lrnetwork,145
undorre31,1002
dany25,139
insanity_666,660
@S,300
commannd1,127
ataquero,359
haib60,156
*IMAGINE*,64
dars86,2028
noutilus12,1549
abc.abc,342
S H E R i F,305414
Zahid online,571
wOrLD.pOw3R,1028
dogburger,396
TeamTDK@AF,273
Mr. BluRay,950283
stahinjic ban,108
movshare,88
johno333,52
arnoldkile21,128
Keili,39
Greeny1337,265
shannon3,47069
kavkiskey,425
shravanwadhwa,8111
perst,389
IGM0937,211
sharp488,2713
nikhil07,506
koraysoner,439
larkze,235
Unwritten_Law,702
flaflatw,1256
azhushare,609
=COPKILLER=,85
liabra,436
DeWe,1028
IteM.SonG,11573
mayangard,98
SUPERNATURAL,953
logie19,113
pawelsqn,88
antibiotica,3367
SilentSpartan,2398
Sir_robin,149
HD-Pakistan,75
aayushagrawal90,438
chellam,255
al3xla,94
alashrafedu,80
tinkoni,1430380
E.B.K,779
ahid1234,143
street star,636
razor-x,23506
at368,1237
keatonG,463
B W B P,98
JOƘER,1106
audionic333,270
@GENT,313
Linux.BD,53500
rememberit,381
duplesi,2739
thenilblue,137
Mystyczny,195
smieszeczek,171
.:MaX:.,205
darkd666,33
BinariiAngel,717
NewRls,769
davinci5156,209940
jihad25,2630
MacClassiK,2167
mrbenjamin,64
Ichthyander,1463
kotlt,3605
napster26,79
derslived,2156
forwant,213
Rahul.69,3660
Ebik2,120
Lara1408,10479
pinio,19223
jatin17,171
apple23,1624
jack121,139
.: AliRezaas :.,102
szachtar,4140
Gii1818,715
sergeyrod,777
DOWNFREAK-2,1279
pudch101,38
BabyGarnetgirl,454
webmate,992
fat_fighter,1902
raku11292,18059
warstar74,51
grubasek,6178
Downloader2012,57
tikb0y13,4490
galmuchet,276798
ptcuye35,2087
donlio,240
BodMa,1358
mutukk,122
milosmnn,44
KISHOREAPU,26001
carmentipa,3598
Gurana,934
Hitesh Patel,393
rahul2u_u,67
kayla-3x,309
K_NIGHT0115,823
genemnc,246
HDC0OL,68889
shkodra_hacker,140
goodgoodman,1910
sa1901,163
wojtekgaca24,176
sameer007,590
rewari49,380
alikhan00007,38
Mungi,10040
GreenDot,3002
web-man,485
Flaiho,540
HDBlaster,653
.Rolex,24579
cOOlvin,5644
Anorensic,98
Upload3r,9115
jakocu24,509
dearasifkam,8380
waroth,21168
pablishto,224
underst33,70557
xesshi,1072
evapoison,4000
knightrider5,69
4HDD,2699
|NewBie|,15603
sontikumar,276
Tenday,629
ngaogiangho,367
repture,344
JNNy64,447
ctd87,1895
visionx,9663
tinutuva,810
Mr.Fordo,8051
slyzeronsf,88
zinkoam,6802
humingbird1,30575
elena1973,65
mrsaba,231
iLLuTioN,717
pinkside,71
SarangMovie,2905
plomien86,316
egg64,933
girlusa3x,34
toritori,1415
hnos97,8000
virgin-heart,4906
mkvtony,56491
Elnaz,11560
yesobamaa,38
Famous8Inches,503
A-T-O-M,12236
normandy88,287
blahblah72,268
bhGtYgt,311
shahpar,708
Janissery,459
Gob,2246
aptechfsd,431
kenchien,108402
CoolAsIce.,5526
jobbet919,290
aftms,5414
pat_1uk,104
revelax,264
Druid,294
justfourmedeeva,2997
drtrucker,820
W3st_Wind,7696
Anti.mage,306
kalimali,1657
whitepanda,542
golemsonbi1,7146
sakbtahir,1264
|KiNG-GTR|,14149
majster168,14928
cleas,93104
excopbecks,171
Dr.Mouse,203
..::  arYzs ::.,12376
shiva.om,345
yurizone02,128
redcupXD,50
johnnygt,112
adhilegend,877
WOIM,1560
kapakli,1587
sirithanan,583
@mico,407
avRoo,10715
Si7mL,7617
BLizZ407,14882
khurramshezi,61
ckBark,28387
cronjob2000,109
leecher5000,287
cccbycox,81
timoti84,9144
Yohan...,1631
akuma1983,182
WiZARD OF W-BB,210132
Giovanni.bj,5181
marcoacero,227
klilogla,260
whomeis,43
BASiQ,177
shakir74,3881
|monarch|,3806
silverwoft,378
freekers,71
DeArDeViL,126
*Eaven,274
Moodik,82
mugen2k,780
dosanti,300
Azurenus,1174
horrmet,7129
nCODE,171697
GunzNRoses,347
Rapidwarez4u,519
uplodu,368
rani44,390
#the Hunter#,79
ahly1751,171
xbadboyx,586
buleyb,513
nexus_prime,183
sabrina13,146
RIGILKENTARUS,672
Jaysonn.,200
Tobacco Road,23365
Lenerdosy,299
ArNET,659
starchrist,77
WarTaipan,978
AquariusPL,310
zimzam,72
crazymafia,234
PiskopatYazar,774
Contaminator,12257
aadott,106
K-KING099,1312
tAALz,1157
~BiRdMaN~,591
greatchi,131484
limpwaster,687
agent bartowski,738
marinapari,80
selinag,180
mikec,171
ProUploader1988,67
Winchester999,49
ketupal100,429
stillrock,1846
cinemania286,463
ytmf1981,131
romzon420,6240
kingofnorthyork,275
matsada,166
|Leader|,1308745
tatootian,323
ALone.boy,2146
EncodeKing,5631
thewindowsfreak,185
xNynx,270
wyop,4727
banedream,5386
james_ant,49
enriqueksr,205
quoid9doc,111
school_bus,1373
andino2,589
djalonso,373
PREDB,1491
zai89,237
LED3,48
"][,o0k~",37
kimminh90,294
|BlUeRaY|,2019
juules45,162
besttechnoblog,13
rafaqatkiani008,33089
RLSARC,1639
sandeepr,1976
myta,529
KiNGPiSSER,67
Evil.Genius,71
GeniusNET,69
Freedom35,222498
mexician,122
Pupusas2,980
ilovet,110
~Releasesking~,1105
-=wAtsayabtcoffee=-,1610
Lord Magneto,719
HDRipper,1292
:I am AWESOME:,5612
||HDMG||,60177
mlam7,936
VoyagerAFS,91
legend10,12596
lorisboris,51725
cartoon80,3118
mmoptusoft,2759
raktivist,19416
p3sh,142
m45h,1923
junglistknot,274
sherlock92,96
gonlomas,279
metelci,90
shadju,403
nino89,287
Thetimetraveler7,75
navIVXX,76
brunooghe,78
e5lton,73743
AllYouLike,1625
Fony,142
DxGen,6472
Dardann.,3778
ljt,205
FTIGA,5842
powaraj,121
- The Saint -,1553
SpotlandRules,4356
FireLady,1061
shully,138
toshibanana,4503
RandomRidoy,443
zer07,874
marinobon,1251
bdlegend,78169
PrINCE v3,130652
bidie,899
drakanua,120
tomerlingo,16091
shantunisha,241
SinThink,869
shorebreak,12831
rossc007,301
WaRez_Queen,15739
zahidlove,5595
KANE 123,14406
Chlasio,3492
n21115,759
PlugThePig,54
VidaPirata,4043
steveb2008,531
MarcosReborn,2128
"Iam""A"" LEGEND",538
wuxia1911,2800
NEETIN,177
okacore,221
daatam,1170
zagor777,589
Ada1122,709
cober,44
zoobia,286
wherepiewhere,876
M3nth0R,3231
paradox_asgard,745
ark69,1085
avanzara,3079
tehloxely,1945
eLs�k,286
zed_m,416
s17_koelho,32
andere123,145
sachinmail12345,665
imchakwal,31
Mindsaver,465
antonesamy,75570
shohel99,10219
Bobero,595
Goaler,727
God Of Warez,4735
k!113R,235
W4R3ZL0RD,1082
Bush Pig,31
Th3DON,487
MLM.,8678
sherbo,60
mahrsaleeem,73
yachie9,1457
jack-the-ripper,2743
FuSiOn,1556
.:Pari:.,37
Pr0uDy,9992
waddaman,234
jaz657,5983
azorrr,3312
userx,1963
david_villa07,18379
juststeve,5843
Netwolf_,1499
singlewarez,222
Alicia holmes,183
adeel.arslan,89
moccc,245
MrJonas12,32
monir,191
Garriso,581
strongpig,1462
daavup,5957
agallantgallant,50
charchabil88,317
S.A.A.D,2691
Jorispyro,47
uploader230,78
kiljoe,1030
batman09,93
Im0rtal,73
3P!TOM3,13271
DarknQuiet,7703
SenTeLLo,246
i20234,77
xasta07,47
Zoran_,3615
gargamail,1050
burgerkingman,69
wolf_eye,540
marixtian,79
ultrascorp,364719
7123,1010
BGST,717
Cloud_Shadow,455
wintendo,189
crystal_cylinder,213
ojosico_310,1408
musm4,13421
joaopebre,224
malik420,145
sree388,332
gotdev,1168
Grover3,3942
imkama,5620
octoberim9,1074
vietboi275,1380
Mind Freak(PB),342
najama79,336
perkan�,11386
taeoice,2997
-MW-,1055
Togama,34962
kienpham,28943
icemule1,138
PupaPowlo,115
moviesdir,184
pedrorios,613
bgrstaff3281,292
rg_kales,8751
sourcherry,2081
ceeker,7188
.::RockeR::.,102
GoodPerson14,7537
Hells Bells,143
elektronik,12750
Kepler-22b,13210
trwsxd,591
dd999d,240
dexster9,83
skylander,1874
forgeton,74
irockfuru,290751
panzdzisio,181
fallwew,79
JABicon,15737
Excellence1,89
Beautiiii,1445
valama,180
H311-n-back,72429
learn2earn,179
azmatbutt,1247
D4rk DeMoN,295
oldboy3,585
flashjj,363
MicrotiK,140
bouzix,129
masterpal,93
streamwatchers,21
vegetajgd,5844
Elico_A,90
upload3er,18236
klein87,68
Vipers Nest,164638
andrilla,1197
tusharbakaya,1569
#3|\/|4#i4,188
buloolz,425
akshay187,81
wankanobe,587
Vamp,18732
usbuzzer,483
revenger123,77
djcostas,210
sgdez,4644
UniMaTE,73
MrAssassin,390
wangshiqun,17151
-=DeXTeR=-,4269
reda240,7431
JKBKJAS,580
KFP,275
lovver2,358
direct_only,51
FilmaX,594
c00lsud1,2719
arkudas,2505
cliker,1584
Mosaico,1384
Tompost,5525
bane1212,2947
Catlady,1926
bestrelease,4151
GuruAlive,430
maas1989,208
enjoi_9,1578
:Ess aaYY:,2553
sakliadam,50
Dark.Happy,195
bochi,3051
matisse,316
Panda Dude,188
miloi,210
Rockinevil,297
zerk1,276
scrOllOck,451
aayanjaved,661
kan_yan,369
mrmovie1983,75
spurpose35,266
appsstar,303
theseus,1049
alsabet,361
oodie,105
gfxturko,31
seafarer,587
halflife,4667
Eugine,229
coldmindzero,64
fleszer,670
vegit,7603
dhukhun,544
traxxo,31
atulsawant,103
ecik-CZ,3910
ScreamOutLoud,51
Regolas,46
*stefan-te*,7626
EnlishBabu,660
Dzash,1580
Guss68,529
cryptlord,69
luckyvn89,795
Typhoon009,233
h1tm4n,533
marpycoco,318
Monster.Xbox,458
blackiswhite,2006
lovelea,154
momosclan,79
|PR0LiNK|,268132
aadat293,28
Inica,883
FB69,62
johnnyshatin123,4821
de crust,123
DragnZ,4141
kire_koste,80
shakeer01,15
phoenix_dude,68
BAYER3535,9427
naeemchap,1735
dr.slum[P],8377
mad max77,32
tetburia,59
amadamad1,1210
myhat001,292
enixidfrag,2836
punk_and_goth-2,2442
DreamLost,43
CrOwN.,5846
Sponding,210
tom37,64
ilikesoft,1178
sbbaiy,4722
nobita2811,133
djayz,65
HopefulRomantic,1193
akira_kurosawa,60
|ShieldsectoR|,1059
moulefriite,66
wheels2go,311
dj_pustak,1807
Amiche,37
TimmiiG,129
sri_baginda03,941
pinkhat003,874
DvD2x,97
sharingxxx,493
driventodespair,329
pMXviD,8449
smarties2k,542
liadokia,742
amarshall117,140
Casper,333
shaheen.khapk,674
since111,501
tewje69,64
SREEPULARI,1030
sipes760,287
pagar�ka,809
YOU44,3097
schiesstomi,646
sebastian.atb,927
freddy m,3421
szajtek,19978
aneishababy,1510
hmshabir,7026
hum@n,3367
tingalvin,144
KALI12,46
criminal141617,250
pitininja,160
Lellly,524
mmachota,64386
CARkeyODDly,206
MINUSBLINDFOLD,160
zacr102,61092
bluffmaster12pm,86947
SaNcHeZ.CZ,3591
retribution1887,154
loxfrdi,3951
Bell@,371
MobyMaster,323
hellagent75,594
rpgragexp,118
stefletch123,556
ariobarzan2,250
ExisZ,368
BUC2010,266
repoman.cms,566
AminFaris,22181
voodoomagic,339
jjive,646
lowveles,74
wasifmajeed,1745
m_myers,87
kissme1,4230
sunflower5,562
Artemis Fowl II,2097
Craf9,250
ulinsky!,25096
Sting2324,278
Robyfly,233
kingtggdn,84
shubhamj598,159
cook942,2263
vinok2,10992
w0J,382
100%makedonec,2239
ze-mulas,162
chogerbe,134
RavekCN,4076
Fbka,18095
Ash-91,16046
Ratheesh619,166
blue_154,159
Gkhan.,3727
horne93,42275
BorlijA,20513
cashidmark285,10560
blueybaby,4924
chootadon01,36
btflo,611
LastLight,7019
FARCRY.,207
Captain_007,456
blink431,554
vmshare,8899
pucado,480
komblandi,1513
xandor,59
God919,254
alibaboolal,866
volimsir,435
siliconguide,847
sweetKid,6775
KiAllL,55630
Inder007,31216
super-veve,26864
|ClickMe|,868
segista,61
1ClickDownload,53
lalmiavai,163
Borussia_Dortmund,1363
odnarb777,4427
Gutac-Struje,1346
baxterd,53923
invisior,992
morn-attk,172
mp3chataka,46
don3000,157
-dollie-,490
scarlettjoha,327
elextaciador,316
toxicweasel,2998
freshdown,5336
rashoo,797
Singham,706
SnakeEyes,182
chilifactor,121
IllRosi,120
decter,5831
eyesonlyuploads,36150
toonstar,375
poncabird,34
DtPower,89
Danniboi22,7519
baixefire,46
diamond00,6419
bloodmage478,229
rflxn143,36
HD-World,51925
#Major#,403
***Rocks***,8219
mert_1047,104
A r f a r s H,175530
kbat69,2375
DGN_RULZ,121
MeNe,196
milorisfair,22
webenor,247
fox5,1748
MedRd,2098
erick05,120
tetovarja,88
Slicer42,217
ilybe8,1483
MasatoEM,141
hdpiracy,127
nobleman123,216
AyserJubair,392
alshairi,70
Rippingking,330
h4s3eb,17008
katerina+giorgos,1902
Bombernfc,578
cybernetic,113
downiran,1164
a11mir,121
ashlecol523,8835
demonicserver,370
kangur,95
cowboyup910,158
briann_cs,142
trumita,267
vicky_poster001,595
RockerOf'87,1311
bedazzled81,72
dhruva91dec,64
sealteam113,199
Zaraky2008,7742
openmedia,72
fileshare,99
dhoodle,144
::ALEX::,153
bestbadri,177
poulzipp,199
fm157,2778
b7ri,2557
czako93,24
startddl,143
XiZoN,2089
wrigley26,1280
cuddles227,47
leegt,24493
E.M.,324
ButanoicAcid,108
youwarez123,90
redstaing,77
radioguy46,2006
troyhs,75281
Proghunter,56
Mr.Per,508
roop93,274
[ RKJ ],519
astrochart,354
ganterpv,1850
boy_george,75
cyclon4004,35
mansheet,16223
shoaibbabar1,866
Texas Homie,1222
1GunHaWK,61
JubeiMV,1434
HeisenBerg.,191
sequelae,106
Bidabadi,338
ashkaaaan2,10140
gomzy,139
Matrix4u,430
kotlt1,2622
OldOldschool,247
scenewhite,1477
n3sl,14053
.: fOOt :.,5247
Eliyas.,556
sqazzer,1952
Suwadith,100
theddlera,328
furqanali332,181
atoi_37,379
kmo_9000,149
shabbeerbaba,53
.: SallyAnn :.,818
thevisual-X,47
DiViSi0N,3286
meesles,2251
GreyPaws,85
STD16,750
us72969,904
ogrl3,927
Aw3s0meness,73
ptu_cb1990,251
hornoplenty,42
sahilshah1987,4355
adxx,1475
mehdi22,23880
Like,813
djaa2807,13999
SherifDown,329
bernard_bnt,1678
Ssadman,1695
darkdammit,557
Tzilka,27
jom2pay,88
olrac,54
mx120985,426
vkey,6829
SHAHARYAR,115
ilcantar,2046
midlaaa,40
maliksaifo,256
myself180,153
zam_dry,112
d2hh,3850
derplulz,637
sahil 00150,104
DVB4IR,360
