hamid3360,809
Mr.Traveler,2226
ulpo,5019
dvdgame01,1797
Kyth,57
tun12,419
kiljoe,876
XiRT4M,83
mzainal,15
shannon3,47069
HD3D,525050
MissyL,190
DarknQuiet,4270
monkUsa,302
udsrec,45402
soyotoyapex,12241
dudrif,650
azcb,46945
maligrizebeton,336
.aSn.,157912
kwazar1981,393
0dayreleases,3834
MyMovies19,44
public_html,52122
musm4,10942
sun00922,6623
gotdev,1168
bangungot,1245
Grover3,1062
Fantasy_artist,5255
sheikhchilli,81
vietboi275,1263
baxterd,52867
S H E R i F,165729
MiLLi0n,1157
Togama,8274
wOrLD.pOw3R,1028
4ways,29193
:USM:,425
Mr. BluRay,195587
moviesdir,184
geeklovenerds,6279
Keili,39
ksmafia,48
unclejaksan,68
chicony,4230
TroicI,386
valdoo,260
yhunykx1986,2159
legba74,313
Super-avoua,843
rwdfox,50587
bdlegend,77337
JABicon,15737
RockerOf'87,50
DeWe,493
IteM.SonG,11573
sakb,117
Masimo,27764
the_head,73
wbuphet,79842
shiba123123123,16
SABERWOLF,155
pawelsqn,88
flashjj,163
HD-Pakistan,75
MicrotiK,140
WaRez_Queen,15739
:.irfankasuri.:,317
tinkoni,251550
vegetajgd,5844
upload3er,16187
omid4041,30
stallone2008,31
iloveferb,28560
FaBoy,2979
wangshiqun,12371
nScorp,20958
mssinclear,4125
AnnArbor,60850
JOƘER,121
kpo_41,1012
Jalandr,5695
Linux.BD,42931
rememberit,154
james5454,381
Stephan1,75109
lovelea,154
almanerviosa,191
shakeer01,15
Dragme,2104
|love_hacker|,734
Catlady,37
tuanq82,67898
bestrelease,4151
molchun,18855
darkd666,33
NewRls,769
davinci5156,13350
:Ess aaYY:,2553
mrbenjamin,64
madushanka92,145
horen,91
derslived,1835
zbaq,153272
velocidade,180
nzindiboy,565
Lara1408,3254
pinio,15514
The_Movie_Man1,76
tojik345,52
WaReZ_ZuP,1650
siliconguide,847
BabyGarnetgirl,454
raku11292,15007
thalemding456,392
vegit,6561
galmuchet,11365
Remejeus,66
chuckyp99,492
ScreamOutLoud,51
Seraf,397
Regolas,46
*stefan-te*,4549
blazejrybnik89,17
KISHOREAPU,2441
carmentipa,110
loopinmind,56
HDC0OL,34591
hotheton,361
cryptlord,69
Zizitopas,1062
filebb,18379
.: F A S T E R :.,254
Madball74,1071
|PR0LiNK|,20832
aadat293,28
Gu3$t,17105
3DStuff,31934
SHULiBAN,605369
Anorensic,98
ojosico_310,1408
Forcefire_2009,79
jakocu24,406
dearasifkam,8380
waroth,21168
nakamychy,22351
Poison1vy,3726
Ragh7,1032
umut,34787
underst33,70457
ridgere,59593
UnrAreA,31281
|NewBie|,15603
amadamad1,1210
ZUBiK,119331
Marusha,121796
repture,344
tokenman,149
||BaDshaH||,608
CyberBB1,10419
|HITMAN|,69895
Mr.Fordo,8051
zinkoam,727
|ShieldsectoR|,1059
sabastian130,617
moulefriite,66
humingbird1,30575
K_WORLD01,1507
UNiCON,38460
xGreatx,9353
unclef3st3r666,156
sharingxxx,65
Shnaks,75
commannd1,127
SREEPULARI,819
sipes760,287
pagar�ka,809
.::Devil::.,307
CoolAsIce.,62
se7en77,2398
hmshabir,7026
ShAaNiG,99573
kuss,55
W3st_Wind,4042
criminal141617,250
mmachota,54321
golemsonbi1,7146
zacr102,60938
sakbtahir,1264
lord vicious,77
majster168,52
cleas,2549
MedRd,2098
alecssharpe,547
.1Link,173
PrestinG,98
loxfrdi,3951
redcupXD,50
hemuski,104
WOIM,312
ultrascorp,3694
sweetpaki,5007
ariobarzan2,130
Si7mL,30
3tonyviet3,167
AminFaris,22181
ckBark,28325
cronjob2000,59
francofrantic,200
ogimima,102
darknessofworld,9442
nofearfcp,10000
KarLi,103
BASiQ,42
kenreaves,5597
Artemis Fowl II,1805
Nefar,16
Master-Uploader,1197
Mindsaver,379
.:MOdY:.,342
horrmet,437
shubhamj598,159
Telly4yEo,180
harmony83,6343
uplodu,276
uinneit,13739
100%makedonec,632
rogue109,33
maddy1412,42
denata,70
RavekCN,3850
Fbka,16957
Sartre,3784
Tobacco Road,6622
horne93,42275
cashidmark285,10560
M_F_T,111
blueybaby,4026
payymon,50
btflo,611
kenongxs,42
LastLight,6875
FARCRY.,207
Sudosu,17
lemonzoo,517
aliarham37,37
hhhgame,3913
avro.bd,22109
filwrz,76
HPHD,2435
thedavid,45
1GunHaWK,61
Flypers,168125
asifkam1,12932
sweetKid,1379
KiAllL,55630
Inder007,26514
super-veve,2137
stillrock,1436
zodyak2,165
chrisrambo11507,11088
LKROCKS,109
lovely1629,1470
ironman55,63219
VooDoo,34
|Leader|,344496
hend1983,11
freshdown,5215
modyeltohamy484,1162
DiVXFACTORY,39
Mystyczny,195
eyesonlyuploads,27616
toonstar,35
Lawlessnq,889
fatahillah,143
zai89,237
pparadiso,1970
juules45,162
sveznadar_7777,192
rflxn143,36
besttechnoblog,13
dinomerino,4790
rafaqatkiani008,31365
ironmankho,30
GhOsT^,117
.:G A M E R:.,133
#Major#,403
HDblockbuster,988
CP1832,36
bartmal,49222
E V E R Y O N E,2320
Todd23,54
Freedom35,126191
mexician,122
Saving Abel,17
Dr.Mouse,203
robinchwan,1161
||HDMG||,5993
mlam7,65
VoyagerAFS,91
legend10,7748
lorisboris,51725
lunaekCAPULA,5012
johnsm2,57221
bullrot492,92
Aurih,417
hornoplenty,42
stefano09051988,152
iAmMaximus,26526
Giovanni.bj,298
a11mir,121
Obrien4,24898
edump,50612
.: RnR :.,294
Eugine,229
.Scouse,38
MLM.,8678
Jet-Li,89074
N@UgHtY.,12066
d3m0n0,1775
tanner6565,66
e5lton,73743
flaflatw,165
Dr Globil,1058
DxGen,834
sandha,1507
openmedia,72
RELEASE:GOD,10784
FTIGA,5842
bestbadri,42
RandomRidoy,443
kailester,29
wyatt1967,57
PrINCE v3,102920
cr0x213,279
tomerlingo,334
sojao,33
SinThink,805
tenzin.,3492
Bad Seed,1933
Mr.PM,102516
B3hr0z,793
Casper_2641,3013
zahidlove,1175
share4u11,1358
MarcosReborn,43
colourcool,431
dewdy2k,83
lingaringa,1900
troyhs,75281
clianers,35
paulman,2925
ramboromeo1234,581
boy_george,75
mansheet,16223
Bergeron,688
JubeiMV,116
HeisenBerg.,191
paradox_asgard,71
tewje69,64
gomzy,139
ark69,236
david_villa07,12256
avanzara,392
FUTURiTY,57
H311-n-back,1436
metallica1992,148
thor84,38767
ExisZ,37
fishmark285,1975
n3sl,1287
milorisfair,22
Maron Down,42
crazyGamer44,197
XsX,35
Eliyas.,556
gfxfree,4237
coadN,806
shohel99,10219
Goaler,151
inbrightestday,22
God Of Warez,57
s@ntana,118
HD-World,45680
us72969,904
ogrl3,927
h4s3eb,5649
FuSiOn,1556
Pr0uDy,9992
clark1963,142
GhostBe,825
Mrrrr,51
SherifDown,263
azorrr,1257
olrac,54
mx120985,426
MrJonas12,32
daavup,5705
